gid,mmsi,imo,vessel_name,callsign,vessel_type,vessel_type_code,vessel_type_cargo,vessel_class,length,width,flag_country,flag_code,destination,eta,draught,longitude,latitude,sog,cog,rot,heading,nav_status,nav_status_code,source,ts_pos_utc,ts_static_utc,ts_insert_utc,dt_pos_utc,dt_static_utc,dt_insert_utc,vessel_type_main,vessel_type_sub,message_type,eeid,geom,dest_code,dept_code,etd
11721,477163100.0,9391426,ALPINE MIA,VREO7,Tanker,80,,A,183,32,Hong Kong,477,CL SNV,6021500,11.6,-73.045,-36.68333333,0.0,265.0,0.0,0.0,At Anchor,1,S-AIS,20220603155124,20220603133319,20220603155144,2022-06-03 15:51:24,2022-06-03 13:33:19,2022-06-03 15:51:44,Oil And Chemical Tanker,Chemical Oil Products Tanker,27,5.664898921431888e+18,0101000020E61000007B14AE47E14252C0F34E7077775742C0,PGNAP,,
17830,374379000.0,9723904,SM DRAGON,3FJZ7,Cargo,70,,A,300,50,Panama,374,"PHG;S,KOREA",7090700,17.8,-28.75278167,-25.88681,12.0,94.9,0.04464029,94.0,Under Way Using Engine,0,S-AIS,20220603155652,20220603133916,20220603155707,2022-06-03 15:56:52,2022-06-03 13:39:16,2022-06-03 15:57:07,Bulk Carrier,,1,5.179775750996267e+18,0101000020E6100000A3ADAD4CB6C03CC009C4EBFA05E339C0,AUPWL,,
101560,538007135.0,9748693,PAN COSMOS,V7VX2,Cargo,70,,A,300,50,Marshall Islands,538,"PORT HEDLAND,AUS",5301200,9.3,118.36492833,-19.83908833,0.1,11.7,0.0,105.0,At Anchor,1,T-AIS,20220603155921,20220603155650,20220603155927,2022-06-03 15:59:21,2022-06-03 15:56:50,2022-06-03 15:59:27,Bulk Carrier,,3,9.122782120909036e+18,0101000020E6100000F8AE5AFC5A975D4025CE277ECED633C0,AUPHE,,
175320,219242000.0,9391440,NORD MINUTE,OYER2,Tanker,80,,A,183,32,Denmark,219,BONYTHON,5300830,7.2,137.76484167,-33.01366167,0.0,111.8,0.0,86.0,Moored,5,T-AIS,20220603155841,20220603154634,20220603155848,2022-06-03 15:58:41,2022-06-03 15:46:34,2022-06-03 15:58:48,,,3,4.764423765886067e+18,0101000020E610000094E83C9579386140EBED64AABF8140C0,AUPBY,,
