gid,mmsi,imo,vessel_name,callsign,vessel_type,vessel_type_code,vessel_type_cargo,vessel_class,length,width,flag_country,flag_code,destination,eta,draught,longitude,latitude,sog,cog,rot,heading,nav_status,nav_status_code,source,ts_pos_utc,ts_static_utc,ts_insert_utc,dt_pos_utc,dt_static_utc,dt_insert_utc,vessel_type_main,vessel_type_sub,message_type,eeid,geom,dest_code,dept_code,etd
12275,564794000.0,9291389,THOR MADOC,9V2806,Cargo,70,,A,190,32,Singapore,564,TROIS RIVIERES,6012000,10.8,-72.54166667,46.335,0.0,113.0,0.0,0.0,Moored,5,S-AIS,20220603155730,20220603111236,20220603155756,2022-06-03 15:57:30,2022-06-03 11:12:36,2022-06-03 15:57:56,Bulk Carrier,,27,4.778905661514323e+18,0101000020E6100000ED3EAEAAAA2252C07B14AE47E12A4740,CATRR,,
18273,538006489.0,9692349,SILVER EUPLECTA,V7IW6,Tanker,80,,A,183,32,Marshall Islands,538,CAMTR,6111200,10.7,-19.57594,47.48946167,12.3,258.3,0.0,258.0,Under Way Using Engine,0,S-AIS,20220603152404,20220602223930,20220603152429,2022-06-03 15:24:04,2022-06-02 22:39:30,2022-06-03 15:24:29,Oil And Chemical Tanker,Chemical Oil Products Tanker,1,7.418169661949302e+18,0101000020E61000004F75C8CD709333C0D4A514AEA6BE4740,CAMTR,,
34005,351446000.0,9338723,MORNING CAROLINE,H3OO,Cargo,79,No Additional Information,A,199,32,Panama,351,CA_HAL,6101430,9.0,5.28441667,57.96146667,1.8,104.0,0.0,21.0,Not Under Command,2,T-AIS,20220603155238,20220603155006,20220603155243,2022-06-03 15:52:38,2022-06-03 15:50:06,2022-06-03 15:52:43,Other Tanker,Bitumen Tanker,3,4.895786397328385e+18,0101000020E61000005159A01F3E23154009ECFF5611FB4C40,CAHAL,,
41983,305433000.0,9403372,CATALINA,V2EH5,Cargo,70,,A,123,20,Antigua and Barbuda,305,POINTE NOIRE,6040630,5.3,12.22226,-6.04009667,12.1,277.2,0.0,273.0,Under Way Using Engine,0,S-AIS,20220603155426,20220603093639,20220603155454,2022-06-03 15:54:26,2022-06-03 09:36:39,2022-06-03 15:54:54,General Cargo Ship,,1,5.00020402727502e+18,0101000020E6100000FD6A0E10CC7128406350F9190F2918C0,CAPNO,,
48815,538007480.0,9347554,HYUNDAI FAITH,V7PS7,Cargo,70,,A,340,46,Marshall Islands,538,CAHAL,6131300,13.3,25.34698333,34.22241667,18.5,283.0,0.0,283.0,Under Way Using Engine,0,T-AIS,20220603155448,20220603081026,20220603155456,2022-06-03 15:54:48,2022-06-03 08:10:26,2022-06-03 15:54:56,,,3,5.150607249568258e+18,0101000020E6100000709B46E6D35839401CDE4126781C4140,CAHAL,,
69951,538007481.0,9347566,HYUNDAI FORCE,V7PT8,Cargo,73,"Carrying DG,HS or MP,IMO hazard or Pollutant Category Z",A,340,46,Marshall Islands,538,SIN EASTERN ANC,6011830,11.7,103.88645,1.23425,0.0,13.0,0.0,81.0,At Anchor,1,T-AIS,20220603155940,20220603155126,20220603155945,2022-06-03 15:59:40,2022-06-03 15:51:26,2022-06-03 15:59:45,,,3,7.456450258781952e+18,0101000020E610000082E2C798BBF85940736891ED7CBFF33F,CAEPG,,
