gid,mmsi,imo,vessel_name,callsign,vessel_type,vessel_type_code,vessel_type_cargo,vessel_class,length,width,flag_country,flag_code,destination,eta,draught,longitude,latitude,sog,cog,rot,heading,nav_status,nav_status_code,source,ts_pos_utc,ts_static_utc,ts_insert_utc,dt_pos_utc,dt_static_utc,dt_insert_utc,vessel_type_main,vessel_type_sub,message_type,eeid,geom,dest_code,dept_code,etd
17983,311000705.0,9336062,MORNING CELESTA,C6DK7,Cargo,70,,A,200,32,Bahamas,311,DE BRV,6080700,9.4,-25.29833333,55.42166667,11.0,63.0,0.0,0.0,Under Way Using Engine,0,S-AIS,20220603155704,20220603093044,20220603155718,2022-06-03 15:57:04,2022-06-03 09:30:44,2022-06-03 15:57:18,,,27,6.944449822833869e+18,0101000020E610000022A8B7925F4C39C04BBB662CF9B54B40,DEBRV,,
35703,370967000.0,9383417,MORNING LISA,3FRO6,Cargo,70,,A,231,32,Panama,370,DE BRV,6040800,8.3,6.88720667,54.590734999999995,1.5,237.7,0.0,88.0,Under Way Using Engine,0,T-AIS,20220603155739,20220603154627,20220603155746,2022-06-03 15:57:39,2022-06-03 15:46:27,2022-06-03 15:57:46,Ro Ro Cargo Ship,Vehicles Carrier,3,5.107167851385225e+18,0101000020E6100000B3C5C1E77F8C1B4020CD58349D4B4B40,DEBRV,,
40522,538004269.0,9602148,SINOKOR SUNRISE,V7WD2,Cargo,70,,A,229,32,Marshall Islands,538,DE RSK,6040400,12.8,10.95784333,54.96895,11.4,223.1,0.0,225.0,Unknown,16,T-AIS,20220603155744,20220603155233,20220603155748,2022-06-03 15:57:44,2022-06-03 15:52:33,2022-06-03 15:57:48,Bulk Carrier,,3,7.869092574639771e+18,0101000020E61000005E15E2706AEA2540C7BAB88D067C4B40,DERSK,,
47202,636017003.0,9597795,TINOS,D5IV6,Cargo,70,,A,229,32,Liberia,636,EE TLL,6040000,8.7,20.8951,58.49013333,14.8,36.3,-0.40176259999999997,36.0,Under Way Using Engine,0,T-AIS,20220603155824,20220603155026,20220603155834,2022-06-03 15:58:24,2022-06-03 15:50:26,2022-06-03 15:58:34,Bulk Carrier,,1,8.477680953725606e+18,0101000020E61000004CA60A4625E53440C9835FB0BC3E4D40,EETLL,,
48590,477617300.0,9464560,ATLANTIC SYMPHONY,VRFU2,Tanker,80,,A,184,28,Hong Kong,477,EETLL,6021110,11.1,24.944020000000002,59.499805,0.0,35.9,0.0,131.0,Moored,5,T-AIS,20220603154729,20220603154119,20220603154838,2022-06-03 15:47:29,2022-06-03 15:41:19,2022-06-03 15:48:38,Oil And Chemical Tanker,Chemical Oil Products Tanker,3,5.354493594771643e+18,0101000020E61000001AC5724BABF138404BB0389CF9BF4D40,EETLL,,
54707,305546000.0,9484223,BBC NAPLES,V2ET5,Cargo,79,No Additional Information,A,132,16,Antigua and Barbuda,305,PL SZZ,6190800,5.6,37.66492333,22.79905667,11.0,328.6,0.0,332.0,Under Way Using Engine,0,S-AIS,20220603155907,20220603114550,20220603155930,2022-06-03 15:59:07,2022-06-03 11:45:50,2022-06-03 15:59:30,General Cargo Ship,,1,4.769482507302618e+18,0101000020E610000045592A351CD54240F84C59FA8ECC3640,PLSZZ,,
101235,372023000.0,9136228,BAL BOAN,3EDD,Cargo,71,"Carrying DG,HS or MP,IMO hazard or Pollutant Category X",A,146,22,Panama,372,RU VVO,6090530,8.3,117.77928333,38.97561667,0.0,9.0,0.0,291.0,Moored,5,T-AIS,20220603155259,20220603154415,20220603155306,2022-06-03 15:52:59,2022-06-03 15:44:15,2022-06-03 15:53:06,Bulk Carrier,,3,5.106603801921233e+18,0101000020E6100000C02A30C7DF715D408D8ACD01E17C4340,RUVVO,,
174865,374772000.0,8612988,OCEAN PRIDE I,3FOR3,Cargo,70,,A,105,18,Panama,374,RU VVO,6050900,5.0,135.26845833,36.34782833,12.8,341.5,0.0,0.0,Under Way Using Engine,0,T-AIS,20220603123418,20220603113426,20220603123427,2022-06-03 12:34:18,2022-06-03 11:34:26,2022-06-03 12:34:27,Ro Ro Cargo Ship,Vehicles Carrier,1,4.693413379519713e+18,0101000020E61000000A76EC3597E8604074FC82A3852C4240,RUVVO,,
