gid,mmsi,imo,vessel_name,callsign,vessel_type,vessel_type_code,vessel_type_cargo,vessel_class,length,width,flag_country,flag_code,destination,eta,draught,longitude,latitude,sog,cog,rot,heading,nav_status,nav_status_code,source,ts_pos_utc,ts_static_utc,ts_insert_utc,dt_pos_utc,dt_static_utc,dt_insert_utc,vessel_type_main,vessel_type_sub,message_type,eeid,geom,dest_code,dept_code,etd
25542,304199000.0,9139646,KRETA  S,V2QT2,Cargo,70,,A,149,23,Antigua and Barbuda,304,ES BCN,5272200,6.5,2.15666667,41.3,0.0,288.0,0.0,0.0,Moored,5,T-AIS,20220603155134,20220603154513,20220603155137,2022-06-03 15:51:34,2022-06-03 15:45:13,2022-06-03 15:51:37,,,27,5.092270533913982e+18,0101000020E6100000902F8074DA4001406666666666A64440,ESBCN,,
21220,376616000.0,9110315,SANN TRO,J8B5890,Cargo,79,No Additional Information,A,167,26,Saint Vincent and the Grenadines,376,ESAVS,5290830,10.1,-5.961665,43.61654167,0.5,180.0,0.0,299.0,At Anchor,1,T-AIS,20220603155352,20220603155343,20220603155356,2022-06-03 15:53:52,2022-06-03 15:53:43,2022-06-03 15:53:56,,,3,4.650902961456854e+18,0101000020E6100000D4D4B2B5BED817C0B7A262D6EACE4540,ESAVS,,
27786,371929000.0,9393321,MSC ELAINE,3EVH7,Cargo,74,"Carrying DG,HS or MP,IMO hazard or Pollutant Category OS",A,340,46,Panama,371,ESVLC,6040800,14.6,4.80425,38.60165,8.9,282.0,0.0,287.0,Under Way Using Engine,0,T-AIS,20220603155610,20220603143501,20220603155614,2022-06-03 15:56:10,2022-06-03 14:35:01,2022-06-03 15:56:14,Oil And Chemical Tanker,Chemical Oil Products Tanker,1,5.00721674686321e+18,0101000020E6100000643BDF4F8D371340B7D100DE024D4340,ESVLC,,
45989,353667000.0,9548316,PAN IVY,3FLT2,Cargo,70,,A,180,28,Panama,353,"PT,LEI",6090800,9.7,18.35666667,34.97333333,11.0,281.0,0.0,0.0,Under Way Using Engine,0,S-AIS,20220603155756,20220603104300,20220603155831,2022-06-03 15:57:56,2022-06-03 10:43:00,2022-06-03 15:58:31,Bulk Carrier,,27,5.149947718500911e+18,0101000020E61000002539C3814E5B3240783AC22F967C4140,PTLEI,,
47575,538008302.0,9824992,ROBUSTA,V7A2215,Cargo,70,,A,202,34,Marshall Islands,538,"ALGECIRAS,SPAIN",6080700,7.7,22.29518333,34.99666,12.6,281.3,0.04464029,283.0,Under Way Using Engine,0,S-AIS,20220603153722,20220603041517,20220603155804,2022-06-03 15:37:22,2022-06-03 04:15:17,2022-06-03 15:58:04,,,1,6.761770016260054e+18,0101000020E6100000A4AC7C22914B36409D9D0C8E927F4140,ESALG,,
49867,371051000.0,9875666,PAN REGINA,3EGA9,Cargo,70,,A,196,32,Panama,371,GIBRALTAR,6092130,12.8,28.22873833,32.94522333,10.5,289.5,-1.11600721,289.0,Under Way Using Engine,0,T-AIS,20220603155715,20220603152343,20220603155718,2022-06-03 15:57:15,2022-06-03 15:23:43,2022-06-03 15:57:18,Oil And Chemical Tanker,Chemical Oil Products Tanker,1,5.180527267190524e+18,0101000020E610000010B15E988E3A3C4013E2FC13FD784040,GIGIB,,
151204,352001196.0,9197076,BRIGHT ELEGANCE,3E3456,Cargo,70,,A,162,28,Panama,352,BAH,6071900,7.2,121.1185,11.8475,12.0,157.0,0.0,158.0,Under Way Using Engine,0,S-AIS,20220603144820,20220603022702,20220603144842,2022-06-03 14:48:20,2022-06-03 02:27:02,2022-06-03 14:48:42,,,1,5.570451130178805e+18,0101000020E6100000DD24068195475E4052B81E85EBB12740,ESB8A,,
