gid,mmsi,imo,vessel_name,callsign,vessel_type,vessel_type_code,vessel_type_cargo,vessel_class,length,width,flag_country,flag_code,destination,eta,draught,longitude,latitude,sog,cog,rot,heading,nav_status,nav_status_code,source,ts_pos_utc,ts_static_utc,ts_insert_utc,dt_pos_utc,dt_static_utc,dt_insert_utc,vessel_type_main,vessel_type_sub,message_type,eeid,geom,dest_code,dept_code,etd
37313,538005464.0,9303015,PRIDE,V7EF9,Cargo,70,,A,190,32,Marshall Islands,538,ITPVE,5310200,7.4,8.3916,39.19803333,0.0,67.0,0.0,194.0,Moored,5,T-AIS,20220603131122,20220603111126,20220603131127,2022-06-03 13:11:22,2022-06-03 11:11:26,2022-06-03 13:11:27,Bulk Carrier,,3,5.115141402502713e+18,0101000020E61000002A3A92CB7FC820401AEFF92759994340,ITPVE,,
20606,563056800.0,9323493,X-PRESS IRAZU,9V8331,Cargo,71,"Carrying DG,HS or MP,IMO hazard or Pollutant Category X",A,177,28,Singapore,563,ITGOA,6060400,9.3,-6.195,35.88666667,18.0,87.0,0.0,0.0,Under Way Using Engine,0,S-AIS,20220603155916,20220603155814,20220603155940,2022-06-03 15:59:16,2022-06-03 15:58:14,2022-06-03 15:59:40,,,27,4.702457717544948e+18,0101000020E610000048E17A14AEC718C0360D1F4B7EF14140,ITGOA,,
43212,538005960.0,9702431,GLOVIS SPLENDOR,V7IM3,Cargo,70,,A,199,35,Marshall Islands,538,SIKOP,6011500,9.6,13.74389833,45.56674833,0.0,131.2,0.0,267.0,Moored,5,T-AIS,20220603155541,20220603154354,20220603155546,2022-06-03 15:55:41,2022-06-03 15:43:54,2022-06-03 15:55:46,Ro Ro Cargo Ship,Vehicles Carrier,3,4.96370786503238e+18,0101000020E61000004CCCED3DE07C2B40D13493358BC84640,SIKOP,,
45987,636021017.0,9336359,MSC OLGA F,5LBV6,Cargo,70,,A,148,23,Liberia,636,ITGIT,6050100,6.4,18.918545,33.51412833,8.2,327.8,0.0,334.0,Under Way Using Engine,0,S-AIS,20220603093136,20220603105300,20220603110435,2022-06-03 09:31:36,2022-06-03 10:53:00,2022-06-03 11:04:35,,,1,7.360506771161016e+18,0101000020E610000082E7DEC325EB324007A605F5CEC14040,ITGIT,,
46763,440270000.0,9690133,YOUNG GLORY,D7ON,Cargo,70,,A,206,32,South Korea,440,KOPER,6050800,10.1,19.98481667,38.24530667,11.9,331.8,0.0,332.0,Under Way Using Engine,0,T-AIS,20220603115048,20220603102815,20220603115050,2022-06-03 11:50:48,2022-06-03 10:28:15,2022-06-03 11:50:50,Bulk Carrier,,1,4.850358201909902e+18,0101000020E6100000A434FEF11CFC334001927E35661F4340,SIKOP,,
47859,577312000.0,8609917,SEVVAL,YJUK9,Cargo,70,,A,92,15,Vanuatu,577,IT SAL,6060500,7.1,23.83627833,36.209315000000004,10.1,274.8,0.0,0.0,Under Way Using Engine,0,T-AIS,20220603105441,20220603102134,20220603105446,2022-06-03 10:54:41,2022-06-03 10:21:34,2022-06-03 10:54:46,,,1,4.623549272727033e+18,0101000020E610000018B42D5616D63740F8C77BD5CA1A4240,ITSAL,,
60731,370667000.0,9152325,SANGLOBE RUBY,3FMH5,Cargo,79,No Additional Information,A,80,14,Panama,370,JABEL ALI UAE,5280800,3.6,55.02278333,25.3707,0.0,338.1,0.0,351.0,At Anchor,1,T-AIS,20220603155736,20220603155332,20220603155744,2022-06-03 15:57:36,2022-06-03 15:53:32,2022-06-03 15:57:44,Offshore Vessel,Standby Safety Vessel,3,5.183073736120069e+18,0101000020E61000003B9F6C90EA824B4090A0F831E65E3940,ITALI,,
150428,477942500.0,9625243,CIRCLE HARMONY,VRMT2,Cargo,70,,A,229,32,Hong Kong,477,LONG KOU,5231700,7.2,120.28278167,37.64956333,0.1,50.3,0.0,326.0,Moored,5,T-AIS,20220603155620,20220603155427,20220603155624,2022-06-03 15:56:20,2022-06-03 15:54:27,2022-06-03 15:56:24,Bulk Carrier,,3,5.319542319148226e+18,0101000020E6100000BB234A1819125E40F38325E424D34240,ITGNA,,
