gid,mmsi,imo,vessel_name,callsign,vessel_type,vessel_type_code,vessel_type_cargo,vessel_class,length,width,flag_country,flag_code,destination,eta,draught,longitude,latitude,sog,cog,rot,heading,nav_status,nav_status_code,source,ts_pos_utc,ts_static_utc,ts_insert_utc,dt_pos_utc,dt_static_utc,dt_insert_utc,vessel_type_main,vessel_type_sub,message_type,eeid,geom,dest_code,dept_code,etd
24430,248940000.0,9444467,SONGA SAPPHIRE,9HA4873,Tanker,80,,A,144,23,Malta,248,ROTTERDAM,6042300,9.4,0.54595667,49.46295,0.0,40.3,0.0,322.0,Moored,5,T-AIS,20220603155313,20220603154136,20220603155317,2022-06-03 15:53:13,2022-06-03 15:41:36,2022-06-03 15:53:17,,,3,4.749145708250433e+18,0101000020E6100000AADB551F7A78E13F73D712F241BB4840,NLRTM,,
22263,372802000.0,9383431,MORNING LUCY,3FWJ,Cargo,70,,A,231,32,Panama,372,BE ZEE,6041200,8.2,-3.21229167,49.70479,13.6,69.0,0.0,67.0,Under Way Using Engine,0,T-AIS,20220603155941,20220603155136,20220603155945,2022-06-03 15:59:41,2022-06-03 15:51:36,2022-06-03 15:59:45,Ro Ro Cargo Ship,Vehicles Carrier,3,4.818929778653954e+18,0101000020E6100000E2E79EF9C5B209C02046088F36DA4840,BEZEE,,
35637,229630000.0,9365960,X-PRESS MULHACEN,9HA3465,Cargo,70,,A,142,20,Malta,229,NLRTM,6040600,7.6,6.53716667,53.85883333,13.7,255.0,0.0,254.0,Under Way Using Engine,0,T-AIS,20220603154954,20220603154352,20220603154959,2022-06-03 15:49:54,2022-06-03 15:43:52,2022-06-03 15:49:59,Container Ship,,1,4.828418916045808e+18,0101000020E6100000DB9A00050F261A404B882440EEED4A40,NLRTM,,
41902,538004774.0,9638642,GENEVA QUEEN,V7YZ8,Cargo,70,,A,229,33,Marshall Islands,538,NL IJM,6071230,14.6,11.24806667,67.09544333,10.3,233.7,0.0,235.0,Under Way Using Engine,0,T-AIS,20220603155720,20220603155720,20220603155723,2022-06-03 15:57:20,2022-06-03 15:57:20,2022-06-03 15:57:23,Bulk Carrier,,1,6.425688894067527e+18,0101000020E610000058C13598027F26402A3E57BE1BC65040,NLIJM,,
55088,314585000.0,9182411,MN TALOS,8PBG2,Cargo,70,,A,101,17,Barbados,314,ROTTERDAM,6220600,6.9,38.23782,22.329635,9.3,319.9,0.0,319.0,Under Way Using Engine,0,S-AIS,20220603155917,20220603111541,20220603155953,2022-06-03 15:59:17,2022-06-03 11:15:41,2022-06-03 15:59:53,,,1,5.007159262963577e+18,0101000020E6100000D82AC1E2701E4340F19D98F562543640,NLRTM,,
171291,441958000.0,9102801,LOI DREAM,D8CC,Tanker,80,,A,98,16,South Korea,441,"N-2 BUSAN ANCHR,SKR",5261330,5.0,129.05349667,35.04998333,0.4,0.0,0.0,224.0,At Anchor,1,T-AIS,20220530024245,20220530022217,20220530024250,2022-05-30 02:42:45,2022-05-30 02:22:17,2022-05-30 02:42:50,Oil And Chemical Tanker,Oil Products Tanker,3,4.872748106943807e+18,0101000020E61000000903A63EB6216040FCD88FDA65864140,NLRID,,
