gid,mmsi,imo,vessel_name,callsign,vessel_type,vessel_type_code,vessel_type_cargo,vessel_class,length,width,flag_country,flag_code,destination,eta,draught,longitude,latitude,sog,cog,rot,heading,nav_status,nav_status_code,source,ts_pos_utc,ts_static_utc,ts_insert_utc,dt_pos_utc,dt_static_utc,dt_insert_utc,vessel_type_main,vessel_type_sub,message_type,eeid,geom,dest_code,dept_code,etd
16011,538004844.0,9613290,BRASSIANA,V7ZK3,Cargo,70,,A,200,32,Marshall Islands,538,USSSB,6130500,12.7,-48.76944333,4.04176167,12.5,300.1,-2.18737413,297.0,Under Way Using Engine,0,S-AIS,20220603155413,20220603143449,20220603155429,2022-06-03 15:54:13,2022-06-03 14:34:49,2022-06-03 15:54:29,General Cargo Ship,,1,5.597026562631355e+18,0101000020E6100000D83C791E7D6248C060813B92C32A1040,USSSB,,
21563,538008720.0,9842516,SM SANTOS,V7A2689,Cargo,70,,A,229,32,Marshall Islands,538,USCEN,6171200,14.0,-5.33059667,65.474455,10.5,247.4,-2.18737413,247.0,Under Way Using Engine,0,S-AIS,20220603151208,20220602062149,20220603151310,2022-06-03 15:12:08,2022-06-02 06:21:49,2022-06-03 15:13:10,,,1,4.777934380403351e+18,0101000020E61000001A44F7EE875215C01E1B81785D5E5040,USCEN,,
34512,538005837.0,9682382,SILVER CARLA,V7HK8,Tanker,80,,A,183,32,Marshall Islands,538,PORT ELIZABETH,6071000,12.1,6.04860833,-36.108305,11.8,96.5,0.0,93.0,Under Way Using Engine,0,S-AIS,20220603155941,20220603153516,20220603160000,2022-06-03 15:59:41,2022-06-03 15:35:16,2022-06-03 16:00:00,Oil And Chemical Tanker,Chemical Oil Products Tanker,1,7.827997228040016e+18,0101000020E610000018A7CE61C6311840247F30F0DC0D42C0,USPEB,,
38697,538004885.0,9416109,SONGA WINDS,V7ZP4,Tanker,89,No Additional Information,A,144,24,Marshall Islands,538,ANTWERP,6102200,10.2,9.38856667,37.69865,11.5,275.0,0.0,279.0,Under Way Using Engine,0,T-AIS,20220603150851,20220603135554,20220603150854,2022-06-03 15:08:51,2022-06-03 13:55:54,2022-06-03 15:08:54,Oil And Chemical Tanker,Chemical Oil Products Tanker,1,7.668682391221784e+18,0101000020E610000066EEE735F2C62240DAACFA5C6DD94240,USZAQ,,
45521,354546000.0,9670004,GAS STAR,3FJI5,Tanker,89,No Additional Information,A,225,36,Panama,354,NEDERLAND-USA,6191000,7.4,17.97839,35.39438833,16.5,286.5,-0.40176259999999997,286.0,Under Way Using Engine,0,T-AIS,20220603141303,20220603112017,20220603141307,2022-06-03 14:13:03,2022-06-03 11:20:17,2022-06-03 14:13:07,Gas Tanker,Lpg Tanker,1,4.801929198566502e+18,0101000020E6100000C3BB5CC477FA314014A319517BB24140,USNDX,,
53336,215474000.0,9378321,SONGA CRYSTAL,9HA5127,Tanker,80,,A,127,20,Malta,215,TURKEY FOR ORDERS,5281900,8.7,33.46166667,35.33833333,0.0,254.0,0.0,0.0,Moored,5,S-AIS,20220602184250,20220531163230,20220602191258,2022-06-02 18:42:50,2022-05-31 16:32:30,2022-06-02 19:12:58,,,27,4.809557206374015e+18,0101000020E6100000D0A6B8E417BB404096BFAD814EAB4140,USTKR,,
66249,370265000.0,9452830,SUPER FORTE,3EWW5,Tanker,81,"Carrying DG,HS or MP,IMO hazard or Pollutant Category X",A,120,20,Panama,370,YGN MMR,6032330,7.9,96.389965,16.02688333,0.2,54.5,0.0,193.0,At Anchor,1,T-AIS,20220602175516,20220602174600,20220602175520,2022-06-02 17:55:16,2022-06-02 17:46:00,2022-06-02 17:55:20,Oil And Chemical Tanker,Chemical Oil Products Tanker,3,5.004873687582756e+18,0101000020E61000006B65C22FF518584057286FD3E1063040,USAE6,,
